timestamp,accX,accY,accZ
51800,-50,-296,-78
51802,-50,-296,-78
51803,-50,-296,-78
51805,226,-300,7
51806,226,-300,7
51807,226,-300,7
51808,226,-300,7
51810,226,-300,7
51811,226,-300,7
51812,226,-300,7
51813,226,-300,7
51815,343,-105,-128
51816,343,-105,-128
51818,343,-105,-128
51819,343,-105,-128
51820,343,-105,-128
51822,343,-105,-128
51823,343,-105,-128
51824,417,179,-343
51826,417,179,-343
51828,417,179,-343
51829,417,179,-343
51831,417,179,-343
51832,417,179,-343
51833,417,179,-343
51835,574,468,-496
51836,574,468,-496
51837,574,468,-496
51838,574,468,-496
51840,574,468,-496
51841,574,468,-496
51842,574,468,-496
51844,574,468,-496
51845,773,652,-582
51847,773,652,-582
51848,773,652,-582
51849,773,652,-582
51851,773,652,-582
51852,773,652,-582
51853,773,652,-582
51854,773,652,-582
51856,761,781,-878
51857,761,781,-878
51860,761,781,-878
51861,761,781,-878
51863,761,781,-878
51864,761,781,-878
51865,761,781,-878
51866,601,1050,-1187
51868,601,1050,-1187
51869,601,1050,-1187
51870,601,1050,-1187
51872,601,1050,-1187
51873,601,1050,-1187
51874,601,1050,-1187
51876,472,1214,-1585
51878,472,1214,-1585
51879,472,1214,-1585
51880,472,1214,-1585
51882,472,1214,-1585
51883,472,1214,-1585
51884,472,1214,-1585
51885,472,1214,-1585
51887,316,1164,-2000
51888,316,1164,-2000
51889,316,1164,-2000
51891,316,1164,-2000
51892,316,1164,-2000
51894,316,1164,-2000
51895,316,1164,-2000
51896,-42,964,-2000
51899,-42,964,-2000
51900,-42,964,-2000
51902,-42,964,-2000
51903,-42,964,-2000
51904,-42,964,-2000
51906,-42,964,-2000
51907,-406,718,-2000
51908,-406,718,-2000
51910,-406,718,-2000
51911,-406,718,-2000
51912,-406,718,-2000
51913,-406,718,-2000
51915,-406,718,-2000
51917,-406,718,-2000
51918,-667,527,-2000
51919,-667,527,-2000
51921,-667,527,-2000
51922,-667,527,-2000
51923,-667,527,-2000
51924,-667,527,-2000
51926,-667,527,-2000
51927,-925,300,-2000
51929,-925,300,-2000
51930,-925,300,-2000
51931,-925,300,-2000
51934,-925,300,-2000
51935,-925,300,-2000
51937,-925,300,-2000
51938,-1265,152,-2000
51939,-1265,152,-2000
51941,-1265,152,-2000
51942,-1265,152,-2000
51943,-1265,152,-2000
51945,-1265,152,-2000
51946,-1265,152,-2000
51947,-1265,152,-2000
51949,-1199,46,-1937
51951,-1199,46,-1937
51952,-1199,46,-1937
51953,-1199,46,-1937
51955,-1199,46,-1937
51956,-1199,46,-1937
51957,-1199,46,-1937
51958,-957,-15,-1976
51960,-957,-15,-1976
51961,-957,-15,-1976
51963,-957,-15,-1976
51964,-957,-15,-1976
51965,-957,-15,-1976
51968,-957,-15,-1976
51969,-894,-97,-2000
51971,-894,-97,-2000
51972,-894,-97,-2000
51973,-894,-97,-2000
51975,-894,-97,-2000
51980,-847,-218,-2000
52000,-964,-429,-1796
52020,-734,-550,-1625
52040,-542,-1000,-1222
52060,-738,-988,-1191
52080,-503,-1019,-1324
52100,-835,-941,-1300
52120,-273,-1113,-1265
52140,-410,-1332,-796
52160,-605,-1218,-445
52180,-660,-1039,-738
52200,-722,-1136,-484
52220,-621,-1082,-558
52240,-578,-1000,-648
52260,-585,-1156,-500
52280,-726,-1203,-343
52300,-585,-1242,-121
52320,-531,-933,-50
52340,-324,-824,-101
52360,-101,-1074,269
52380,-82,-1140,382
52400,15,-1117,445
52420,125,-1031,367
52440,316,-398,74
52460,746,160,-199
52480,835,437,-324
52500,859,578,-613
52520,789,652,-1351
52540,664,296,-2000
52560,-292,-476,-2000
52580,-1281,-636,-2000
52600,-1167,-773,-2000
52620,-710,-1078,-2000
52640,-445,-1421,-2000
52660,-660,-1792,-1714
52680,-554,-1851,-1753
52700,-539,-1832,-1414
52720,-46,-1511,-1585
52740,-546,-1519,-207
52760,-269,-1484,-1355
52780,234,-1769,-519
52800,-105,-1929,-414
52820,292,-1929,195
52840,289,-1687,496
52860,175,-1648,863
52880,195,-1488,949
52900,414,-1257,722
52920,777,-785,335
52940,843,-335,234
52960,625,171,-312
52980,546,781,-980
53000,601,964,-1539
53020,378,402,-1972
53040,-433,-242,-2000
53060,-789,-437,-2000
53080,-875,-664,-2000
53100,-507,-746,-1781
53120,-437,-980,-1593
53140,-503,-1121,-1484
53160,-496,-1250,-1367
53180,-445,-1406,-1339
53200,-335,-1496,-1199
53220,-226,-1453,-1132
53240,-367,-1484,-859
53260,-371,-1390,-914
53280,-355,-1375,-761
53300,-273,-1312,-761
53320,-261,-1261,-589
53340,-257,-1054,-757
53360,-468,-1121,-546
53380,-261,-1113,-363
53400,-105,-1140,-203
53420,-19,-1078,222
53440,0,-894,304
53460,-46,-781,445
53480,42,-675,488
53500,62,-589,433
53520,320,-273,179
53540,468,-7,242
53560,468,207,46
53580,421,222,-156
53600,226,136,-562
53620,-70,109,-816
53640,-257,-42,-1003
53660,-378,-238,-1316
53680,-488,-300,-1648
53700,-617,-281,-1914
53720,-769,-511,-1882
53740,-703,-664,-1835
53760,-898,-718,-1769
53780,-660,-714,-1792
53800,-574,-636,-1714
53820,-449,-675,-1531
53840,-324,-878,-1328
53860,-335,-960,-1250
53880,-339,-1023,-1144
53900,-500,-1074,-1218
53920,-406,-1191,-1046
53940,-332,-1183,-1046
53960,-289,-1265,-910
53980,-355,-1269,-769
54000,-375,-1277,-640
54020,-347,-1300,-562
54040,-410,-1261,-507
54060,-316,-1242,-351
54080,-195,-1144,-304
54100,-238,-1039,-199
54120,-66,-859,-183
54140,-3,-687,-195
54160,-101,-550,-3
54180,-125,-464,15
54200,-140,-437,11
54220,-167,-406,15
54240,-117,-257,-50
54260,-11,-31,-148
54280,3,97,-187
54300,-7,109,-152
54320,-85,195,-242
54340,-218,449,-613
54360,-441,503,-800
54380,-378,347,-687
54400,-335,464,-867
54420,-179,621,-1003
54440,-207,824,-1234
54460,-281,980,-1285
54480,-250,929,-1394
54500,-250,968,-1476
54520,-511,1027,-1753
54540,-703,839,-1566
54560,-730,808,-1636
54580,-734,648,-1582
54600,-808,367,-1523
54620,-1058,234,-1496
54640,-1285,82,-1339
54660,-1156,35,-1265
54680,-1042,-42,-1203
54700,-1117,-78,-1250
54720,-1238,-304,-925
54740,-1167,-515,-625
54760,-898,-507,-511
54780,-769,-476,-363
54800,-738,-542,-257
54820,-621,-554,-78
54840,-628,-460,19
54860,-480,-355,3
54880,-304,-246,0
54900,-304,-78,15
54920,-308,-82,46
54940,-171,7,3
54960,-31,222,-183
54980,58,269,-46
55000,50,394,-89
55020,0,593,-246
55040,58,789,-367
55060,246,1039,-449
55080,484,1308,-496
55100,472,1617,-628
55120,398,1777,-601
55140,398,1886,-773
55160,195,1890,-824
55180,113,1773,-664
55200,-74,1691,-699
55220,-382,1558,-714
55240,-746,1496,-835
55260,-933,1261,-667
55280,-1007,1167,-675
55300,-1226,1085,-750
55320,-1410,933,-652
55340,-1500,699,-609
55360,-1527,531,-535
55380,-1476,324,-390
55400,-1347,175,-308
55420,-1328,-121,-35
55440,-1320,-195,0
55460,-1136,-171,-62
55480,-824,-183,-97
55500,-539,-242,3
55520,-437,-441,312
55540,-355,-300,78
55560,-97,-140,39
55580,109,-46,66
55600,222,27,85
55620,292,152,27
55640,296,222,-42
55660,355,359,-105
55680,406,535,-144
55700,429,800,-207
55720,382,1089,-367
55740,289,1343,-597
55760,332,1617,-613
55780,382,1875,-652
55800,320,1890,-558
55820,277,1804,-574
55840,132,1929,-660
55860,0,1808,-464
55880,-246,1746,-503
55900,-484,1613,-562
55920,-734,1476,-593
55940,-1074,1433,-812
55960,-1203,1296,-765
55980,-1246,945,-664
56000,-1296,804,-667
56020,-1285,476,-511
56040,-1246,304,-402
56060,-1265,218,-242
56080,-1093,105,-164
56100,-1058,58,-74
56120,-1031,23,-35
56140,-902,39,15
56160,-773,132,54
56180,-656,136,136
56200,-558,207,125
56220,-554,121,242
56240,-664,70,222
56260,-707,89,265
56280,-671,109,222
56300,-609,105,242
56320,-570,50,203
56340,-566,42,187
56360,-535,7,203
56380,-460,-109,199
56400,-367,-31,-23
56420,-136,93,-253
56440,-105,50,-140
56460,-66,195,-304
56480,-160,480,-656
56500,-128,750,-968
56520,-70,960,-1042
56540,-89,1203,-1085
56560,-183,1363,-1074
56580,-210,1250,-1074
56600,-195,1089,-1031
56620,-273,1050,-1058
56640,-394,1050,-1203
56660,-503,1167,-1250
56680,-542,1003,-1199
56700,-507,871,-1023
56720,-621,937,-1136
56740,-652,945,-1164
56760,-800,882,-960
56780,-914,847,-894
56800,-1101,839,-894
56820,-1261,773,-855
56840,-1332,687,-722
56860,-1441,488,-523
56880,-1472,308,-464
56900,-1457,156,-289
56920,-1394,54,-273
56940,-1285,0,-238
56960,-1179,-70,-113
56980,-1078,-246,62
57000,-1015,-406,230
57020,-906,-382,210
57040,-699,-351,265
57060,-472,-308,269
57080,-289,-234,296
57100,-207,-218,292
57120,-140,-171,210
57140,-175,-152,113
57160,-156,-109,-7
57180,-39,-66,-109
57200,11,50,-289
57220,3,152,-445
57240,-78,261,-609
57260,-222,480,-921
57280,-140,636,-1062
57300,70,925,-1183
57320,93,1230,-1292
57340,3,1320,-1242
57360,-140,1261,-1281
57380,-214,1218,-1316
57400,-402,1144,-1253
57420,-503,1101,-1179
57440,-535,1085,-1117
57460,-652,1015,-1113
57480,-839,925,-945
57500,-882,964,-894
57520,-863,968,-917
57540,-1050,910,-835
57560,-1214,792,-769
57580,-1304,703,-722
57600,-1273,578,-550
57620,-1140,421,-593
57640,-1023,300,-425
57660,-902,222,-257
57680,-742,171,-187
57700,-570,85,-74
57720,-562,-105,125
57740,-546,-175,195
57760,-496,-218,281
57780,-410,-292,347
57800,-414,-253,257
57820,-437,-253,242
57840,-523,-285,222
57860,-621,-289,89
57880,-730,-234,-31
57900,-843,-195,-140
57920,-878,-152,-191
57940,-917,-11,-296
57960,-1011,140,-421
57980,-1074,292,-550
58000,-1136,582,-785
58020,-1144,738,-1039
58040,-1156,812,-1140
58060,-1101,1007,-1300
58080,-773,1308,-1457
58100,-402,1437,-1492
58120,-437,1484,-1476
58140,-500,1304,-1476
58160,-402,1238,-1390
58180,-265,1296,-1402
58200,-19,1375,-1382
58220,19,1238,-1250
58240,-89,1082,-1214
58260,-89,804,-1082
58280,0,496,-738
58300,46,343,-628
58320,27,242,-515
58340,7,70,-273
58360,-39,-7,-128
58380,-78,19,-11
58400,-85,23,58
58420,-74,-27,230
58440,-125,-23,238
58460,-312,-42,261
58480,-542,-109,304
58500,-609,-70,253
58520,-601,-89,246
58540,-640,-109,242
58560,-761,-128,261
58580,-808,-89,308
58600,-843,-128,292
58620,-972,-148,250
58640,-1269,-171,148
58660,-1417,-238,160
58680,-1554,-66,-78
58700,-1656,144,-257
58720,-1558,214,-382
58740,-1449,175,-542
58760,-1449,308,-792
58780,-1285,289,-855
58800,-1347,488,-1011
58820,-1046,730,-1179
58840,-761,750,-1207
58860,-519,761,-1136
58880,-484,1074,-1289
58900,-558,1140,-1355
58920,-582,968,-1378
58940,-746,921,-1402
58960,-550,921,-1515
58980,-503,750,-1441
59000,-652,867,-1378
59020,-527,917,-1328
59040,-585,671,-1210
59060,-632,269,-835
59080,-460,316,-730
59100,-289,570,-773
59120,-82,429,-585
59140,-125,242,-300
59160,-152,281,-250
59180,-132,265,-164
59200,-93,144,-62
59220,62,39,3
59240,175,-82,164
59260,203,-218,277
59280,152,-363,453
59300,218,-472,558
59320,339,-519,687
59340,351,-742,937
59360,355,-917,1105
59380,296,-1121,1167
59400,449,-1156,1140
59420,511,-1015,753
59440,476,-1000,757
59460,449,-1261,1000
59480,503,-1476,1011
59500,300,-1558,789
59520,89,-1621,1074
59540,199,-1492,968
59560,312,-1644,1042
59580,128,-1566,1062
59600,-101,-1511,851
59620,-132,-1632,902
59640,-269,-1640,835
59660,-359,-1484,714
59680,-406,-1296,562
59700,-457,-1261,496
59720,-531,-1222,531
59740,-554,-984,371
59760,-515,-765,273
59780,-437,-566,199
59800,-402,-328,54
59820,-304,-148,3
59840,-234,7,-82
59860,-207,203,-207
59880,-117,238,-187
59900,31,160,-66
59920,257,101,-19
59940,437,144,-3
59960,699,132,58
59980,804,101,144
60000,933,15,199
60020,1000,-140,433
60040,1058,-132,441
60060,1160,-109,328
60080,1316,-335,535
60100,1500,-476,636
60120,1589,-519,582
60140,1707,-726,773
60160,1777,-843,914
60180,1722,-839,921
60200,1617,-949,1000
60220,1445,-968,996
60240,1183,-984,937
60260,1023,-984,1007
60280,855,-1066,1007
60300,796,-1039,992
60320,734,-1156,1113
60340,671,-1187,1113
60360,449,-1261,1093
60380,269,-1464,1011
60400,-3,-1511,953
60420,-167,-1273,660
60440,-324,-1199,578
60460,-453,-1105,449
60480,-445,-757,246
60500,-339,-570,195
60520,-210,-402,203
60540,-125,-152,113
60560,-54,105,39
60580,11,175,35
60600,136,11,136
60620,85,-171,363
60640,179,74,347
60660,156,85,226
60680,175,-105,433
60700,218,-246,507
60720,234,-410,613
60740,85,-437,539
60760,78,-441,542
60780,54,-414,480
60800,66,-472,488
60820,-66,-738,382
60840,-277,-964,429
60860,-472,-1214,429
60880,-609,-1292,464
60900,-628,-1257,316
60920,-750,-1347,285
60940,-988,-1328,218
60960,-1148,-1312,335
60980,-1359,-1218,273
61000,-1574,-1148,265
61020,-1734,-937,113
61040,-1812,-667,-66
61060,-1808,-503,-140
61080,-1750,-207,-253
61100,-1574,35,-402
61120,-1437,179,-367
61140,-1289,394,-335
61160,-1066,570,-554
61180,-945,792,-660
61200,-664,1070,-804
61220,-527,1113,-828
61240,-500,1128,-722
61260,-453,960,-597
61280,-406,750,-386
61300,-339,675,-316
61320,-246,667,-257
61340,-160,582,-226
61360,-70,500,-207
61380,15,468,-324
61400,46,308,-296
61420,3,242,-234
61440,-156,74,-195
61460,-375,-3,-164
61480,-460,-74,-113
61500,-375,-11,-164
61520,-351,144,-312
61540,-507,101,-226
61560,-683,-46,-128
61580,-937,27,-156
61600,-941,101,-113
61620,-1027,179,-222
61640,-1226,132,-234
61660,-1613,171,-292
61680,-1750,332,-386
61700,-1761,496,-414
61720,-1859,699,-433
61740,-1785,890,-398
61760,-1625,1132,-351
61780,-1570,1257,-359
61800,-1421,1500,-460
61820,-1136,1570,-406
61840,-828,1527,-406
61860,-562,1523,-414
61880,-312,1539,-453
61900,-31,1828,-625
61920,234,1992,-617
61940,500,1757,-468
61960,687,1617,-398
61980,757,1347,-269
62000,710,1042,-93
62020,644,867,-7
62040,601,699,0
62060,617,355,214
62080,484,296,121
62100,437,66,261
62120,347,-58,390
62140,148,101,191
62160,113,109,97
62180,-42,-11,89
62200,-257,-97,93
62220,-593,-15,-136
62240,-808,-226,148
62260,-886,-164,132
62280,-937,-125,62
62300,-1082,105,39
62320,-1054,246,-74
62340,-1195,488,-105
62360,-1289,761,-285
62380,-1421,1187,-406
62400,-1382,1589,-445
62420,-1242,1910,-398
62440,-1066,1996,-89
62460,-1011,1933,-3
62480,-1019,1964,-97
62500,-1093,1996,-39
62520,-1070,1957,23
62540,-933,1890,-78
62560,-703,1773,11
62580,-476,1800,11
62600,-253,1808,-144
62620,-19,1433,-74
62640,-109,1214,0
62660,-140,1351,-265
62680,3,1222,-398
62700,183,972,-125
62720,179,757,-121
62740,113,695,-117
62760,167,468,-117
62780,179,273,62
62800,167,281,23
62820,230,437,-187
62840,351,97,-113
62860,277,-257,46
62880,199,-355,39
62900,19,-585,-19
62920,-191,-753,132
62940,-257,-828,66
62960,-218,-1171,265
62980,-179,-1312,414
63000,-156,-1453,535
63020,-101,-1664,734
63040,-308,-1613,574
63060,-339,-1371,425
63080,-132,-1675,753
63100,50,-1855,824
63120,15,-2000,867
63140,-226,-2000,1078
63160,-187,-2000,886
63180,-74,-1824,855
63200,-152,-1523,781
63220,-128,-1335,734
63240,-285,-1285,664
63260,-496,-1425,519
63280,-679,-1515,550
63300,-777,-1109,285
63320,-765,-925,195
63340,-527,-992,246
63360,-382,-1105,351
63380,-484,-910,253
63400,-421,-718,140
63420,-312,-605,85
63440,-246,-500,144
63460,-144,-300,11
63480,-89,-62,-105
63500,-85,19,-160
63520,3,-15,-66
63540,246,-58,-31
63560,429,23,-35
63580,589,74,27
63600,714,39,85
63620,925,3,191
63640,1144,85,105
63660,1515,-31,253
63680,1734,-89,425
63700,1722,-54,414
63720,1871,-273,542
63740,1941,-484,652
63760,1996,-457,386
63780,1996,-500,378
63800,1996,-621,656
63820,1996,-980,1031
63840,1953,-941,722
63860,1683,-1050,898
63880,1535,-1136,992
63900,1203,-1144,792
63920,828,-1308,746
63940,562,-1527,792
63960,339,-1578,777
63980,148,-1437,589
64000,58,-1253,378
64020,-7,-1199,304
64040,-117,-1125,250
64060,-285,-816,54
64080,-300,-476,-42
64100,-85,-304,-70
64120,-15,-222,-183
64140,-27,-132,-121
64160,-164,128,-304
64180,-27,234,-164
64200,250,218,-46
64220,660,175,117
64240,832,246,164
64260,976,277,351
64280,1007,300,390
64300,1210,62,597
64320,1363,-42,636
64340,1578,11,347
64360,1882,7,269
64380,1929,-195,730
64400,1824,-257,750
64420,1648,-445,761
64440,1628,-375,644
64460,1640,-449,785
64480,1492,-953,1070
64500,1382,-1097,1035
64520,1472,-820,949
64540,1480,-921,1078
64560,1320,-1128,1351
64580,734,-1488,1449
64600,246,-1484,1335
64620,175,-1210,1238
64640,66,-929,1140
64660,19,-671,1023
64680,-89,-613,835
64700,-285,-585,722
64720,-488,-457,558
64740,-433,-261,414
64760,-421,-105,242
64780,-460,-46,210
64800,-351,42,-27
64820,-226,58,-42
64840,-11,-15,23
64860,175,128,-66
64880,496,89,19
64900,875,-70,171
64920,1164,-3,109
64940,1218,70,89
64960,1156,70,156
64980,1125,11,234
65000,976,-35,335
65020,957,-363,566
65040,1113,-707,671
65060,1031,-867,730
65080,824,-800,578
65100,835,-753,671
65120,906,-839,796
65140,753,-933,843
65160,488,-1402,1050
65180,160,-1570,1226
65200,3,-1312,1136
65220,-74,-1117,1058
65240,-445,-921,976
65260,-851,-886,800
65280,-1320,-789,535
65300,-1578,-582,402
65320,-1386,-433,281
65340,-1277,-195,109
65360,-1363,195,7
65380,-1480,492,-281
65400,-1292,652,-445
65420,-1179,679,-378
65440,-1027,816,-367
65460,-984,898,-425
65480,-851,968,-453
65500,-679,863,-375
65520,-503,746,-253
65540,-382,730,-242
65560,-175,617,-296
65580,42,574,-257
65600,66,515,-195
65620,136,355,-140
65640,42,74,-3
65660,-179,-296,121
65680,-453,-300,78
65700,-480,-234,62
65720,-582,-246,-62
65740,-757,-335,35
65760,-937,-332,-7
65780,-1324,-460,42
65800,-1246,-433,78
65820,-1183,-367,-19
65840,-1460,-269,-54
65860,-1804,-199,-101
65880,-1949,-85,-70
65900,-1917,250,-183
65920,-1855,597,-394
65940,-1742,921,-351
65960,-1589,1210,-343
65980,-1367,1453,-574
66000,-1207,1496,-503
66020,-1046,1589,-578
66040,-921,1710,-566
66060,-652,1718,-570
66080,-472,1738,-621
66100,-277,1691,-582
66120,-187,1609,-515
66140,39,1417,-332
66160,199,1250,-269
66180,300,1113,-242
66200,441,871,-140
66220,468,753,-85
66240,449,632,-74
66260,445,484,-3
66280,472,324,62
66300,488,210,70
66320,363,207,35
66340,304,15,109
66360,62,-167,101
66380,-207,-261,-11
66400,-339,-359,-66
66420,-546,-378,-132
66440,-679,-492,-42
66460,-1003,-496,-105
66480,-1242,-437,-238
66500,-1421,-566,-277
66520,-1574,-671,-437
66540,-1832,-515,-546
66560,-1859,-359,-679
66580,-2000,-70,-945
66600,-2000,121,-957
66620,-1906,218,-859
66640,-2000,617,-1171
66660,-2000,1148,-976
66680,-1554,796,-636
66700,-1535,613,-593
66720,-1738,679,-632
66740,-1593,1035,-953
66760,-1515,1343,-937
66780,-1371,1246,-898
66800,-1218,1152,-1027
66820,-1144,1117,-1054
66840,-1007,1011,-859
66860,-859,933,-777
66880,-738,925,-773
66900,-617,871,-730
66920,-382,617,-425
66940,-160,523,-308
66960,-46,570,-386
66980,195,375,-164
67000,316,199,-46
67020,398,117,-31
67040,390,0,89
67060,390,-292,246
67080,468,-902,585
67100,312,-984,515
67120,324,-839,433
67140,324,-921,390
67160,285,-1007,308
67180,226,-1164,519
67200,179,-1527,964
67220,-15,-1429,828
67240,-78,-1207,632
67260,-125,-1054,558
67280,-214,-980,437
67300,-464,-1210,605
67320,-730,-1406,710
67340,-839,-1410,703
67360,-1039,-1300,515
67380,-1171,-1324,500
67400,-1222,-1308,457
67420,-1324,-1269,382
67440,-1437,-1074,265
67460,-1500,-921,167
67480,-1457,-832,78
67500,-1472,-769,78
67520,-1339,-625,101
67540,-1277,-507,62
67560,-1175,-285,-3
67580,-1039,-226,58
67600,-902,-136,39
67620,-691,-109,85
67640,-562,-42,89
67660,-476,85,19
67680,-382,210,-113
67700,-250,195,-66
67720,-85,-19,128
67740,15,-187,210
67760,19,-250,261
67780,27,-250,195
67800,82,-402,339
67820,214,-527,398
67840,191,-746,480
67860,136,-878,515
67880,113,-960,554
67900,121,-1035,589
67920,175,-1144,687
67940,66,-1242,691
67960,11,-1332,761
67980,-39,-1375,800
68000,-125,-1445,863
68020,-246,-1421,863
68040,-488,-1488,789
68060,-730,-1554,937
68080,-976,-1453,714
68100,-1195,-1429,714
68120,-1375,-1218,613
68140,-1339,-992,394
68160,-1406,-789,257
68180,-1421,-597,207
68200,-1371,-480,175
68220,-1195,-414,187
68240,-1062,-292,128
68260,-1023,-242,101
68280,-968,-113,35
68300,-863,0,-54
